-- phpMyAdmin SQL Dump
-- version 5.2.1
-- https://www.phpmyadmin.net/
--
-- Host: 127.0.0.1
-- Generation Time: May 07, 2024 at 01:42 PM
-- Server version: 10.4.28-MariaDB
-- PHP Version: 8.1.17

SET SQL_MODE = "NO_AUTO_VALUE_ON_ZERO";
START TRANSACTION;
SET time_zone = "+00:00";


/*!40101 SET @OLD_CHARACTER_SET_CLIENT=@@CHARACTER_SET_CLIENT */;
/*!40101 SET @OLD_CHARACTER_SET_RESULTS=@@CHARACTER_SET_RESULTS */;
/*!40101 SET @OLD_COLLATION_CONNECTION=@@COLLATION_CONNECTION */;
/*!40101 SET NAMES utf8mb4 */;

--
-- Database: `db_puuskesmas`
--

-- --------------------------------------------------------

--
-- Table structure for table `dokter`
--

CREATE TABLE `dokter` (
  `id` int(11) NOT NULL,
  `nama` varchar(45) DEFAULT NULL,
  `gender` char(1) DEFAULT NULL,
  `tmp_lahir` varchar(30) DEFAULT NULL,
  `tgl_lahir` date DEFAULT NULL,
  `kategori` enum('Umum','Spesialis','Bidan','Dokter Gigi','Anastesi','Bedah','Ginekolog') DEFAULT NULL,
  `telpon` varchar(20) DEFAULT NULL,
  `alamat` varchar(100) DEFAULT NULL,
  `unit_kerja_id` int(11) DEFAULT NULL
) ENGINE=InnoDB DEFAULT CHARSET=utf8mb4 COLLATE=utf8mb4_general_ci;

--
-- Dumping data for table `dokter`
--

INSERT INTO `dokter` (`id`, `nama`, `gender`, `tmp_lahir`, `tgl_lahir`, `kategori`, `telpon`, `alamat`, `unit_kerja_id`) VALUES
(1, 'Dr. Faisal Suhut', 'L', 'Medan', '2000-08-23', 'Umum', '085436527632', 'Depok', 1),
(2, 'Dr. Sutan Mahmud', 'L', 'Palembang', '1988-07-22', '', '087897980077', 'Depok', 2),
(3, 'Dr. Sayuti Hasyim', 'P', 'Aceh', '1990-05-02', 'Spesialis', '087323822997', 'surabaya', 3),
(4, 'Dr. Milim Nova', 'P', 'Padang', '2001-05-12', 'Dokter Gigi', '088220028176', 'Bogor', 4),
(5, 'Dr. Levi Ackerman', 'L', 'Yogyakarta', '1999-10-28', 'Spesialis', '084938048304', 'Aceh', 5);

-- --------------------------------------------------------

--
-- Table structure for table `kelurahan`
--

CREATE TABLE `kelurahan` (
  `id_kelurahan` int(11) NOT NULL,
  `nama` varchar(45) NOT NULL,
  `kecamatan` varchar(45) NOT NULL
) ENGINE=InnoDB DEFAULT CHARSET=utf8mb4 COLLATE=utf8mb4_general_ci;

--
-- Dumping data for table `kelurahan`
--

INSERT INTO `kelurahan` (`id_kelurahan`, `nama`, `kecamatan`) VALUES
(1, 'Beji', 'Beji'),
(2, 'Bojongsari Lama', 'Bojongsari'),
(3, 'Cilodong', 'Cilodong'),
(4, 'Cisalak Pasar', 'Cimanggis'),
(5, 'Cinere', 'Cinere');

-- --------------------------------------------------------

--
-- Table structure for table `paramedik`
--

CREATE TABLE `paramedik` (
  `id` int(11) NOT NULL,
  `nama` varchar(45) DEFAULT NULL,
  `gender` char(1) DEFAULT NULL,
  `tmp_lahir` varchar(30) DEFAULT NULL,
  `tgl_lahir` date DEFAULT NULL,
  `kategori` enum('Dokter Umum','Perawat','Dokter Gigi','Bidan') DEFAULT NULL,
  `telpon` varchar(20) DEFAULT NULL,
  `alamat` varchar(100) DEFAULT NULL,
  `unit_kerja_id` int(11) DEFAULT NULL
) ENGINE=InnoDB DEFAULT CHARSET=utf8mb4 COLLATE=utf8mb4_general_ci;

--
-- Dumping data for table `paramedik`
--

INSERT INTO `paramedik` (`id`, `nama`, `gender`, `tmp_lahir`, `tgl_lahir`, `kategori`, `telpon`, `alamat`, `unit_kerja_id`) VALUES
(0, 'Uciha Shisui', 'L', 'Jepang', '2004-08-19', 'Dokter Umum', '081919588043', 'Konoha', 5),
(1, 'Sumotsuki Ryuma', 'L', 'Wanokuni', '1997-07-07', 'Perawat', '085499434512', 'valhala', 1),
(2, 'Maki Zenin', 'P', 'Tokyo', '2001-02-14', 'Dokter Gigi', '083827199423', 'Rengokai', 2),
(3, 'Anos Voldigoad', 'L', 'Valhala', '1999-09-09', 'Dokter Umum', '080213174938', 'Dilhade', 1);

-- --------------------------------------------------------

--
-- Table structure for table `pasien`
--

CREATE TABLE `pasien` (
  `id_pasien` int(11) NOT NULL,
  `kode` varchar(10) NOT NULL,
  `nama` varchar(45) NOT NULL,
  `tmp_lahir` varchar(30) NOT NULL,
  `tgl_lahir` date NOT NULL,
  `gender` char(1) NOT NULL,
  `email` varchar(50) NOT NULL,
  `alamat` varchar(100) NOT NULL,
  `kelurahan_id` int(11) NOT NULL
) ENGINE=InnoDB DEFAULT CHARSET=utf8mb4 COLLATE=utf8mb4_general_ci;

--
-- Dumping data for table `pasien`
--

INSERT INTO `pasien` (`id_pasien`, `kode`, `nama`, `tmp_lahir`, `tgl_lahir`, `gender`, `email`, `alamat`, `kelurahan_id`) VALUES
(1, 'P001', 'Adam Yusron', 'Jakarta', '2005-12-15', 'L', 'adam@gmail.com', 'Jl. Mawar', 4),
(2, 'P002', 'Maulina ', 'Depok', '2007-10-26', 'P', 'maulina@gmail.com', 'Jl. Raflesia', 3),
(3, 'P003', 'Aprilia', 'Bekasi', '1999-02-10', 'P', 'aprilia@gmail.com', 'Jl. Arnoldi', 1),
(4, 'P004', 'Nuril', 'Tangerang', '2009-05-15', 'P', 'nuril@gmail.com', 'Jl. Apel', 5),
(13, '1001', 'Budi', 'Jakarta', '1990-05-15', 'L', 'budi@example.com', 'Jl. Anggrek No. 1', 1);

-- --------------------------------------------------------

--
-- Table structure for table `periksa`
--

CREATE TABLE `periksa` (
  `id` int(11) NOT NULL,
  `tanggal` date DEFAULT NULL,
  `berat` double DEFAULT NULL,
  `tinggi` double DEFAULT NULL,
  `tensi` varchar(20) DEFAULT NULL,
  `keterangan` varchar(100) DEFAULT NULL,
  `pasien_id` int(11) DEFAULT NULL,
  `dokter_id` int(11) DEFAULT NULL
) ENGINE=InnoDB DEFAULT CHARSET=utf8mb4 COLLATE=utf8mb4_general_ci;

--
-- Dumping data for table `periksa`
--

INSERT INTO `periksa` (`id`, `tanggal`, `berat`, `tinggi`, `tensi`, `keterangan`, `pasien_id`, `dokter_id`) VALUES
(1, '2024-06-23', 69, 174, '34/80', 'Perlu tindakan lebih lanjut', NULL, NULL),
(4, '2024-12-06', 62, 165, '120/80', 'Normal', 1, 1),
(6, '2024-07-22', 52, 156, '122/82', 'Normal', NULL, NULL),
(7, '2024-09-24', 72, 182, '80/122', 'Normal', NULL, NULL),
(8, '2222-08-12', 65, 170, '112/80', 'Normal', 4, 4);

-- --------------------------------------------------------

--
-- Table structure for table `unit_kerja`
--

CREATE TABLE `unit_kerja` (
  `id` int(11) NOT NULL,
  `nama` varchar(45) DEFAULT NULL
) ENGINE=InnoDB DEFAULT CHARSET=utf8mb4 COLLATE=utf8mb4_general_ci;

--
-- Dumping data for table `unit_kerja`
--

INSERT INTO `unit_kerja` (`id`, `nama`) VALUES
(1, 'Kepala puskesmas'),
(2, 'Perawat'),
(3, 'Dokter'),
(4, 'Suster'),
(5, 'Customer Service Rumah Sakit');

-- --------------------------------------------------------

--
-- Table structure for table `users`
--

CREATE TABLE `users` (
  `id` int(11) NOT NULL,
  `username` varchar(50) NOT NULL,
  `password` varchar(255) NOT NULL,
  `name` varchar(100) NOT NULL
) ENGINE=InnoDB DEFAULT CHARSET=utf8mb4 COLLATE=utf8mb4_general_ci;

--
-- Dumping data for table `users`
--

INSERT INTO `users` (`id`, `username`, `password`, `name`) VALUES
(1, 'shanmugam5565', 'sandygg5567', 'sandy');

--
-- Indexes for dumped tables
--

--
-- Indexes for table `kelurahan`
--
ALTER TABLE `kelurahan`
  ADD PRIMARY KEY (`id_kelurahan`);

--
-- Indexes for table `pasien`
--
ALTER TABLE `pasien`
  ADD PRIMARY KEY (`id_pasien`),
  ADD KEY `kelurahan_id` (`kelurahan_id`);

--
-- Indexes for table `users`
--
ALTER TABLE `users`
  ADD PRIMARY KEY (`id`);

--
-- AUTO_INCREMENT for dumped tables
--

--
-- AUTO_INCREMENT for table `kelurahan`
--
ALTER TABLE `kelurahan`
  MODIFY `id_kelurahan` int(11) NOT NULL AUTO_INCREMENT, AUTO_INCREMENT=6;

--
-- AUTO_INCREMENT for table `pasien`
--
ALTER TABLE `pasien`
  MODIFY `id_pasien` int(11) NOT NULL AUTO_INCREMENT, AUTO_INCREMENT=16;

--
-- AUTO_INCREMENT for table `users`
--
ALTER TABLE `users`
  MODIFY `id` int(11) NOT NULL AUTO_INCREMENT, AUTO_INCREMENT=2;

--
-- Constraints for dumped tables
--

--
-- Constraints for table `pasien`
--
ALTER TABLE `pasien`
  ADD CONSTRAINT `pasien_ibfk_1` FOREIGN KEY (`kelurahan_id`) REFERENCES `kelurahan` (`id_kelurahan`) ON DELETE CASCADE ON UPDATE CASCADE;
COMMIT;

/*!40101 SET CHARACTER_SET_CLIENT=@OLD_CHARACTER_SET_CLIENT */;
/*!40101 SET CHARACTER_SET_RESULTS=@OLD_CHARACTER_SET_RESULTS */;
/*!40101 SET COLLATION_CONNECTION=@OLD_COLLATION_CONNECTION */;
